{"cameraMode":{"drawMode":0,"name":"Shaded","section":"Shading Mode"},"sceneLighting":false,"audioPlay":false,"sceneViewState":{"showFog":true,"showMaterialUpdate":false,"showSkybox":true,"showFlares":true,"showImageEffects":true,"showParticleSystems":true},"in2DMode":false,"pivot":{"x":232.9849853515625,"y":272.23382568359377,"z":255.5283660888672},"rotation":{"x":0.04614254832267761,"y":-0.7384867072105408,"z":-0.05081293731927872,"w":-0.6707849502563477},"size":304.0164489746094,"orthographic":false}