{"cameraMode":{"drawMode":0,"name":"Shaded","section":"Shading Mode"},"sceneLighting":true,"audioPlay":false,"sceneViewState":{"showFog":true,"showMaterialUpdate":false,"showSkybox":true,"showFlares":true,"showImageEffects":true,"showParticleSystems":true},"in2DMode":false,"pivot":{"x":-0.12463825196027756,"y":0.9867695569992065,"z":-0.608147919178009},"rotation":{"x":-0.12582510709762574,"y":0.04850143566727638,"z":-0.006186407525092363,"w":-0.9908768534660339},"size":1.4936707019805909,"orthographic":false}